[
{"address":"n4Po8andi3akpQBxzBWXbQBttF9LueXqyo","id1":0,"amountforsale":"0","id2":0,"amountdesired":"0","time":0,"result":"err||txid"},
{"address":"n4Po8andi3akpQBxzBWXbQBttF9LueXqyo","id1":2147483694,"amountforsale":2337.787828873843,"id2":2,"amountdesired":1137.5432985369116,"time":1449182658518,"result":{"code":-3}},
{"address":"n4Po8andi3akpQBxzBWXbQBttF9LueXqyo","id1":2147483831,"amountforsale":1894.4309768266976,"id2":2,"amountdesired":4822.776642395183,"time":1449182659094,"result":{"code":-211}},
{"address":"n4Po8andi3akpQBxzBWXbQBttF9LueXqyo","id1":2147483875,"amountforsale":6191.170304082334,"id2":2,"amountdesired":3142.76514807716,"time":1449182659687,"result":{"code":-211}},
{"address":"n4Po8andi3akpQBxzBWXbQBttF9LueXqyo","id1":2147483942,"amountforsale":2180.3484414704144,"id2":2,"amountdesired":1915.6022637616843,"time":1449182660281,"result":{"code":-211}},
{"address":"n4Po8andi3akpQBxzBWXbQBttF9LueXqyo","id1":2147484042,"amountforsale":321.77641056478024,"id2":2,"amountdesired":503.7409660872072,"time":1449182660946,"result":{"code":-211}},
{"address":"n4Po8andi3akpQBxzBWXbQBttF9LueXqyo","id1":2147484095,"amountforsale":6646.633958443999,"id2":2,"amountdesired":596.1042712442577,"time":1449182661554,"result":{"code":-211}},
{"address":"n4Po8andi3akpQBxzBWXbQBttF9LueXqyo","id1":2147484102,"amountforsale":4967.033616267145,"id2":2,"amountdesired":1104.101468808949,"time":1449182662209,"result":{"code":-211}},
{"address":"n4Po8andi3akpQBxzBWXbQBttF9LueXqyo","id1":2147484121,"amountforsale":9985.055206343532,"id2":2,"amountdesired":4706.4827650319785,"time":1449182662758,"result":{"code":-211}},
{"address":"n4Po8andi3akpQBxzBWXbQBttF9LueXqyo","id1":2147484135,"amountforsale":5686.5367805585265,"id2":2,"amountdesired":4272.500164806843,"time":1449182663390,"result":{"code":-211}},
{"address":"n4Po8andi3akpQBxzBWXbQBttF9LueXqyo","id1":2147484185,"amountforsale":1957.8613271005452,"id2":2,"amountdesired":301.8692636396736,"time":1449182663940,"result":{"code":-211}},
{"address":"n4Po8andi3akpQBxzBWXbQBttF9LueXqyo","id1":2147484204,"amountforsale":5241.179710719734,"id2":2,"amountdesired":1398.578432854265,"time":1449182663943,"result":{"code":-3}},
{"address":"n4Po8andi3akpQBxzBWXbQBttF9LueXqyo","id1":2147484235,"amountforsale":4585.635454859585,"id2":2,"amountdesired":1726.7514124978334,"time":1449182664544,"result":{"code":-211}},
{"address":"n4Po8andi3akpQBxzBWXbQBttF9LueXqyo","id1":2147484285,"amountforsale":1495.9232625551522,"id2":2,"amountdesired":638.5032297112048,"time":1449182665107,"result":{"code":-211}},
{"address":"n4Po8andi3akpQBxzBWXbQBttF9LueXqyo","id1":2147484499,"amountforsale":3094.065855257213,"id2":2,"amountdesired":2833.09105085209,"time":1449182665693,"result":{"code":-211}},
{"address":"n4Po8andi3akpQBxzBWXbQBttF9LueXqyo","id1":2147484543,"amountforsale":3856.764764059335,"id2":2,"amountdesired":1024.8265555128455,"time":1449182665695,"result":{"code":-3}},
{"address":"n4Po8andi3akpQBxzBWXbQBttF9LueXqyo","id1":2147484544,"amountforsale":2695.13507373631,"id2":2,"amountdesired":2318.772063590586,"time":1449182665700,"result":{"code":-3}},
{"address":"n4Po8andi3akpQBxzBWXbQBttF9LueXqyo","id1":2147484550,"amountforsale":6305.663513485342,"id2":2,"amountdesired":3034.1145559214056,"time":1449182666265,"result":{"code":-211}},
{"address":"n4Po8andi3akpQBxzBWXbQBttF9LueXqyo","id1":2147484647,"amountforsale":366.02225387468934,"id2":2,"amountdesired":4292.5265489611775,"time":1449182666779,"result":{"code":-211}}
]
